{"cameraMode":{"drawMode":0,"name":"Shaded","section":"Shading Mode"},"sceneLighting":false,"audioPlay":false,"sceneViewState":{"showFog":true,"showMaterialUpdate":false,"showSkybox":true,"showFlares":true,"showImageEffects":true,"showParticleSystems":true},"in2DMode":false,"pivot":{"x":26.5954647064209,"y":3899.642578125,"z":8.15422534942627},"rotation":{"x":0.17315378785133363,"y":0.7163443565368652,"z":-0.19132864475250245,"w":0.6482825875282288},"size":3.2046139240264894,"orthographic":true}